Month-Year Ordered,Average Ship Time in Days by Month
7-1996,8.045454
8-1996,8.000000
9-1996,10.608695
10-1996,6.500000
11-1996,8.360000
12-1996,7.516129
1-1997,9.969696
2-1997,9.310344
3-1997,8.300000
4-1997,9.000000
5-1997,9.156250
6-1997,8.833333
7-1997,8.696969
8-1997,6.787878
9-1997,9.135135
10-1997,8.710526
11-1997,8.735294
12-1997,9.854166
1-1998,9.054545
2-1998,7.222222
3-1998,9.397260
4-1998,6.650793
5-1998,2.500000
